file_name;key_repr
xortool_out/000.out;\x1a
xortool_out/001.out;\x1b
xortool_out/002.out;\x18
xortool_out/003.out;\x19
xortool_out/004.out;\x1e
xortool_out/005.out;\x1f
xortool_out/006.out;\x1c
xortool_out/007.out;\x1d
xortool_out/008.out;\x12
xortool_out/009.out;\x13
xortool_out/010.out;\x10
xortool_out/011.out;\x11
xortool_out/012.out;\x16
xortool_out/013.out;\x17
xortool_out/014.out;\x14
xortool_out/015.out;\x15
xortool_out/016.out;\n
xortool_out/017.out;\x0b
xortool_out/018.out;\x08
xortool_out/019.out;\t
xortool_out/020.out;\x0e
xortool_out/021.out;\x0f
xortool_out/022.out;\x0c
xortool_out/023.out;\r
xortool_out/024.out;\x02
xortool_out/025.out;\x03
xortool_out/026.out;\x00
xortool_out/027.out;\x01
xortool_out/028.out;\x06
xortool_out/029.out;\x07
xortool_out/030.out;\x04
xortool_out/031.out;\x05
xortool_out/032.out;:
xortool_out/033.out;;
xortool_out/034.out;8
xortool_out/035.out;9
xortool_out/036.out;>
xortool_out/037.out;?
xortool_out/038.out;<
xortool_out/039.out;=
xortool_out/040.out;2
xortool_out/041.out;3
xortool_out/042.out;0
xortool_out/043.out;1
xortool_out/044.out;6
xortool_out/045.out;7
xortool_out/046.out;4
xortool_out/047.out;5
xortool_out/048.out;*
xortool_out/049.out;+
xortool_out/050.out;(
xortool_out/051.out;)
xortool_out/052.out;.
xortool_out/053.out;\x2f
xortool_out/054.out;,
xortool_out/055.out;-
xortool_out/056.out;"
xortool_out/057.out;#
xortool_out/058.out; 
xortool_out/059.out;!
xortool_out/060.out;&
xortool_out/061.out;'
xortool_out/062.out;$
xortool_out/063.out;%
xortool_out/064.out;Z
xortool_out/065.out;[
xortool_out/066.out;X
xortool_out/067.out;Y
xortool_out/068.out;^
xortool_out/069.out;_
xortool_out/070.out;\\
xortool_out/071.out;]
xortool_out/072.out;R
xortool_out/073.out;S
xortool_out/074.out;P
xortool_out/075.out;Q
xortool_out/076.out;V
xortool_out/077.out;W
xortool_out/078.out;T
xortool_out/079.out;U
xortool_out/080.out;J
xortool_out/081.out;K
xortool_out/082.out;H
xortool_out/083.out;I
xortool_out/084.out;N
xortool_out/085.out;O
xortool_out/086.out;L
xortool_out/087.out;M
xortool_out/088.out;B
xortool_out/089.out;C
xortool_out/090.out;@
xortool_out/091.out;A
xortool_out/092.out;F
xortool_out/093.out;G
xortool_out/094.out;D
xortool_out/095.out;E
xortool_out/096.out;z
xortool_out/097.out;{
xortool_out/098.out;x
xortool_out/099.out;y
xortool_out/100.out;~
xortool_out/101.out;\x7f
xortool_out/102.out;|
xortool_out/103.out;}
xortool_out/104.out;r
xortool_out/105.out;s
xortool_out/106.out;p
xortool_out/107.out;q
xortool_out/108.out;v
xortool_out/109.out;w
xortool_out/110.out;t
xortool_out/111.out;u
xortool_out/112.out;j
xortool_out/113.out;k
xortool_out/114.out;h
xortool_out/115.out;i
xortool_out/116.out;n
xortool_out/117.out;o
xortool_out/118.out;l
xortool_out/119.out;m
xortool_out/120.out;b
xortool_out/121.out;c
xortool_out/122.out;`
xortool_out/123.out;a
xortool_out/124.out;f
xortool_out/125.out;g
xortool_out/126.out;d
xortool_out/127.out;e
xortool_out/128.out;\x9a
xortool_out/129.out;\x9b
xortool_out/130.out;\x98
xortool_out/131.out;\x99
xortool_out/132.out;\x9e
xortool_out/133.out;\x9f
xortool_out/134.out;\x9c
xortool_out/135.out;\x9d
xortool_out/136.out;\x92
xortool_out/137.out;\x93
xortool_out/138.out;\x90
xortool_out/139.out;\x91
xortool_out/140.out;\x96
xortool_out/141.out;\x97
xortool_out/142.out;\x94
xortool_out/143.out;\x95
xortool_out/144.out;\x8a
xortool_out/145.out;\x8b
xortool_out/146.out;\x88
xortool_out/147.out;\x89
xortool_out/148.out;\x8e
xortool_out/149.out;\x8f
xortool_out/150.out;\x8c
xortool_out/151.out;\x8d
xortool_out/152.out;\x82
xortool_out/153.out;\x83
xortool_out/154.out;\x80
xortool_out/155.out;\x81
xortool_out/156.out;\x86
xortool_out/157.out;\x87
xortool_out/158.out;\x84
xortool_out/159.out;\x85
xortool_out/160.out;\xba
xortool_out/161.out;\xbb
xortool_out/162.out;\xb8
xortool_out/163.out;\xb9
xortool_out/164.out;\xbe
xortool_out/165.out;\xbf
xortool_out/166.out;\xbc
xortool_out/167.out;\xbd
xortool_out/168.out;\xb2
xortool_out/169.out;\xb3
xortool_out/170.out;\xb0
xortool_out/171.out;\xb1
xortool_out/172.out;\xb6
xortool_out/173.out;\xb7
xortool_out/174.out;\xb4
xortool_out/175.out;\xb5
xortool_out/176.out;\xaa
xortool_out/177.out;\xab
xortool_out/178.out;\xa8
xortool_out/179.out;\xa9
xortool_out/180.out;\xae
xortool_out/181.out;\xaf
xortool_out/182.out;\xac
xortool_out/183.out;\xad
xortool_out/184.out;\xa2
xortool_out/185.out;\xa3
xortool_out/186.out;\xa0
xortool_out/187.out;\xa1
xortool_out/188.out;\xa6
xortool_out/189.out;\xa7
xortool_out/190.out;\xa4
xortool_out/191.out;\xa5
xortool_out/192.out;\xda
xortool_out/193.out;\xdb
xortool_out/194.out;\xd8
xortool_out/195.out;\xd9
xortool_out/196.out;\xde
xortool_out/197.out;\xdf
xortool_out/198.out;\xdc
xortool_out/199.out;\xdd
xortool_out/200.out;\xd2
xortool_out/201.out;\xd3
xortool_out/202.out;\xd0
xortool_out/203.out;\xd1
xortool_out/204.out;\xd6
xortool_out/205.out;\xd7
xortool_out/206.out;\xd4
xortool_out/207.out;\xd5
xortool_out/208.out;\xca
xortool_out/209.out;\xcb
xortool_out/210.out;\xc8
xortool_out/211.out;\xc9
xortool_out/212.out;\xce
xortool_out/213.out;\xcf
xortool_out/214.out;\xcc
xortool_out/215.out;\xcd
xortool_out/216.out;\xc2
xortool_out/217.out;\xc3
xortool_out/218.out;\xc0
xortool_out/219.out;\xc1
xortool_out/220.out;\xc6
xortool_out/221.out;\xc7
xortool_out/222.out;\xc4
xortool_out/223.out;\xc5
xortool_out/224.out;\xfa
xortool_out/225.out;\xfb
xortool_out/226.out;\xf8
xortool_out/227.out;\xf9
xortool_out/228.out;\xfe
xortool_out/229.out;\xff
xortool_out/230.out;\xfc
xortool_out/231.out;\xfd
xortool_out/232.out;\xf2
xortool_out/233.out;\xf3
xortool_out/234.out;\xf0
xortool_out/235.out;\xf1
xortool_out/236.out;\xf6
xortool_out/237.out;\xf7
xortool_out/238.out;\xf4
xortool_out/239.out;\xf5
xortool_out/240.out;\xea
xortool_out/241.out;\xeb
xortool_out/242.out;\xe8
xortool_out/243.out;\xe9
xortool_out/244.out;\xee
xortool_out/245.out;\xef
xortool_out/246.out;\xec
xortool_out/247.out;\xed
xortool_out/248.out;\xe2
xortool_out/249.out;\xe3
xortool_out/250.out;\xe0
xortool_out/251.out;\xe1
xortool_out/252.out;\xe6
xortool_out/253.out;\xe7
xortool_out/254.out;\xe4
xortool_out/255.out;\xe5
